{
    "accuracy": 0.6303819827776551,
    "precision": 0.5914631833676779,
    "recall": 0.6303819827776551,
    "auc": 0.8074030970066767
}