{
    "accuracy": 0.6264350897851045,
    "precision": 0.5854784652535762,
    "recall": 0.6264350897851045,
    "auc": 0.8058053922283486
}