{
    "accuracy": 0.6294987856038861,
    "precision": 0.5890442958377659,
    "recall": 0.6294987856038861,
    "auc": 0.8058401830959915
}